{
  "id": "3767538",
  "name": "html_responsive_project",
  "font_family": "iconfont",
  "css_prefix_text": "icon-",
  "description": "",
  "glyphs": [
    {
      "icon_id": "145729",
      "name": "添加_填充",
      "font_class": "tianjiatianchong",
      "unicode": "e696",
      "unicode_decimal": 59030
    },
    {
      "icon_id": "577357",
      "name": "删除",
      "font_class": "shanchu",
      "unicode": "e74b",
      "unicode_decimal": 59211
    },
    {
      "icon_id": "577364",
      "name": "首页",
      "font_class": "shouye",
      "unicode": "e751",
      "unicode_decimal": 59217
    },
    {
      "icon_id": "10905612",
      "name": "头像",
      "font_class": "touxiang",
      "unicode": "e62c",
      "unicode_decimal": 58924
    },
    {
      "icon_id": "1230",
      "name": "用户",
      "font_class": "yonghu",
      "unicode": "e600",
      "unicode_decimal": 58880
    },
    {
      "icon_id": "886676",
      "name": "结束",
      "font_class": "jieshu",
      "unicode": "e605",
      "unicode_decimal": 58885
    },
    {
      "icon_id": "2076191",
      "name": "分享",
      "font_class": "fenxiang",
      "unicode": "e86e",
      "unicode_decimal": 59502
    },
    {
      "icon_id": "25964415",
      "name": "导出",
      "font_class": "daochu",
      "unicode": "e65e",
      "unicode_decimal": 58974
    }
  ]
}
